Tanggal,Keterangan,Cabang,Jumlah,Tipe,Saldo
2026-08-01,SALDO AWAL,0000,25000000,CR,25000000
2026-08-02,SETORAN TUNAI CDM KASIR TOKO REF SETOR-CDM-0802,0123,2500000,CR,27500000
2026-08-03,TRSF E-COMM TIKTOK TT-STMT-20260801,0999,1450000,CR,28950000
2026-08-04,TRSF SHOPEE PAYOUT SHP-WD-8801,0998,1850000,CR,30800000
2026-08-05,SETTLEMENT DOKU PG DOKU-SETTLE-401,0995,4350000,CR,35150000
2026-08-07,TRSF E-COMM TIKTOK TT-STMT-20260805,0999,2180000,CR,37330000
2026-08-07,SETORAN TUNAI CDM KASIR TOKO REF SETOR-CDM-0807,0123,3000000,CR,40330000
2026-08-08,TRSF E-BANKING CR 08/08 98231 BPK BUDI HANDOKO,0145,2500000,CR,42830000
2026-08-10,BUNGA REKENING GIRO AGUSTUS 2026,0000,45200,CR,42875200
2026-08-11,TRSF SHOPEE PAYOUT SHP-WD-8802,0998,2450000,CR,45325200
2026-08-12,SETTLEMENT DOKU PG DOKU-SETTLE-402,0995,3120000,CR,48445200
2026-08-12,SETORAN TUNAI TELLER CABANG REF SETOR-TELLER-0812,0123,1950000,CR,50395200
2026-08-15,BIAYA ADM REK KORAN AGUSTUS 2026,0000,25000,DB,50370200
2026-08-15,PAJAK BUNGA GIRO 20%,0000,9040,DB,50361160
