Statement Date,Statement ID,Payment ID,Status,Currency,Order ID,SKU ID,Quantity,Order created date,Gross sales,Seller discount,Referral fee,Transaction fee,Shipping fee,Total settlement amount
2026-08-01,TT-STMT-20260801,PAY-TT-01,Completed,IDR,TT-9901,SKU-A1,1,2026-07-29,350000,0,17500,7000,0,325500
2026-08-01,TT-STMT-20260801,PAY-TT-01,Completed,IDR,TT-9902,SKU-B2,2,2026-07-29,500000,20000,24000,9600,0,446400
2026-08-01,TT-STMT-20260801,PAY-TT-01,Completed,IDR,TT-9903,SKU-C1,1,2026-07-30,250000,0,12500,5000,0,232500
2026-08-01,TT-STMT-20260801,PAY-TT-01,Completed,IDR,TT-9904,SKU-A2,1,2026-07-30,480000,0,24000,10400,0,445600
2026-08-05,TT-STMT-20260805,PAY-TT-02,Completed,IDR,TT-9905,SKU-D1,2,2026-08-02,800000,0,40000,16000,0,744000
2026-08-05,TT-STMT-20260805,PAY-TT-02,Completed,IDR,TT-9906,SKU-B1,1,2026-08-03,600000,50000,27500,11000,0,511500
2026-08-05,TT-STMT-20260805,PAY-TT-02,Completed,IDR,TT-9907,SKU-E1,1,2026-08-03,750000,0,67500,15000,0,667500
2026-08-05,TT-STMT-20260805,PAY-TT-02,Completed,IDR,TT-9908,SKU-A1,1,2026-08-04,280000,0,14000,9000,0,257000
2026-08-10,TT-STMT-20260810,PAY-TT-03,Completed,IDR,TT-9909,SKU-C2,2,2026-08-07,650000,0,32500,13000,0,604500
2026-08-10,TT-STMT-20260810,PAY-TT-03,Completed,IDR,TT-9910,SKU-A1,2,2026-08-08,640000,0,32000,12500,0,595500
2026-08-14,TT-STMT-20260814,PAY-TT-04,Completed,IDR,TT-9911,SKU-B2,1,2026-08-12,450000,0,22500,9000,0,418500
2026-08-14,TT-STMT-20260814,PAY-TT-04,Completed,IDR,TT-9912,SKU-A1,1,2026-08-13,460000,0,23000,5500,0,431500
